{"mean":{"confidence_interval":{"confidence_level":0.95,"lower_bound":-0.01192920407458491,"upper_bound":0.005988872292475455},"point_estimate":-0.001152235372670063,"standard_error":0.0047942840147730415},"median":{"confidence_interval":{"confidence_level":0.95,"lower_bound":-0.0012090938122077954,"upper_bound":0.0018525803204586862},"point_estimate":0.00035768932058499736,"standard_error":0.000786363781005727}}