{"mean":{"confidence_interval":{"confidence_level":0.95,"lower_bound":-0.018340477444557565,"upper_bound":0.0031837378181548736},"point_estimate":-0.006944414859527015,"standard_error":0.005489003300058239},"median":{"confidence_interval":{"confidence_level":0.95,"lower_bound":-0.011793214741261493,"upper_bound":0.006140980127993689},"point_estimate":-0.0012497646359883596,"standard_error":0.004561477287127974}}