{"mean":{"confidence_interval":{"confidence_level":0.95,"lower_bound":1486.3448660360982,"upper_bound":1501.8090381239326},"point_estimate":1493.8781995441789,"standard_error":3.9501392670328763},"median":{"confidence_interval":{"confidence_level":0.95,"lower_bound":1476.7723546944858,"upper_bound":1492.0105878544505},"point_estimate":1484.9507433453387,"standard_error":3.7275999609955166},"median_abs_dev":{"confidence_interval":{"confidence_level":0.95,"lower_bound":22.65298558114085,"upper_bound":40.55257104702388},"point_estimate":31.405423153480097,"standard_error":4.850032675864279},"slope":{"confidence_interval":{"confidence_level":0.95,"lower_bound":1483.7273635556005,"upper_bound":1507.8220590901358},"point_estimate":1495.261957196943,"standard_error":6.1789761786269715},"std_dev":{"confidence_interval":{"confidence_level":0.95,"lower_bound":32.64812003208174,"upper_bound":46.03482494599975},"point_estimate":39.815890214144574,"standard_error":3.4234084274363656}}