{"mean":{"confidence_interval":{"confidence_level":0.95,"lower_bound":0.00885314264190779,"upper_bound":0.016215469305981722},"point_estimate":0.012477647244784507,"standard_error":0.0018667424201342072},"median":{"confidence_interval":{"confidence_level":0.95,"lower_bound":0.010118409138214268,"upper_bound":0.014212552938440925},"point_estimate":0.012090648258270997,"standard_error":0.0010303570567014935}}