{"mean":{"confidence_interval":{"confidence_level":0.95,"lower_bound":-0.017275654500864043,"upper_bound":-0.007477024159317551},"point_estimate":-0.01220749698956447,"standard_error":0.0025045099576261605},"median":{"confidence_interval":{"confidence_level":0.95,"lower_bound":-0.013873241085012977,"upper_bound":-0.008417881828965967},"point_estimate":-0.011391644956098013,"standard_error":0.0013684348816642604}}