{"mean":{"confidence_interval":{"confidence_level":0.95,"lower_bound":-0.980895711231731,"upper_bound":-0.9803206822511091},"point_estimate":-0.9806029576799623,"standard_error":0.00014697718601065207},"median":{"confidence_interval":{"confidence_level":0.95,"lower_bound":-0.9806717945635008,"upper_bound":-0.9800726541627331},"point_estimate":-0.980288184657512,"standard_error":0.00015881257109708353}}