{"mean":{"confidence_interval":{"confidence_level":0.95,"lower_bound":-0.042532243392408575,"upper_bound":-0.03364489023510858},"point_estimate":-0.038105980475472645,"standard_error":0.0022792914181206016},"median":{"confidence_interval":{"confidence_level":0.95,"lower_bound":-0.041367251596297505,"upper_bound":-0.03743421385380441},"point_estimate":-0.03936371569049624,"standard_error":0.000993873605204569}}