{"mean":{"confidence_interval":{"confidence_level":0.95,"lower_bound":-0.018900595946320434,"upper_bound":-0.005008810141245323},"point_estimate":-0.013187001461253733,"standard_error":0.0034654554994930993},"median":{"confidence_interval":{"confidence_level":0.95,"lower_bound":-0.01697727567031208,"upper_bound":-0.011398454507948186},"point_estimate":-0.014059292519278288,"standard_error":0.0014410164038381743}}