{"mean":{"confidence_interval":{"confidence_level":0.95,"lower_bound":-0.2657934154102043,"upper_bound":-0.23785423419011323},"point_estimate":-0.25174343218848627,"standard_error":0.007095822881293533},"median":{"confidence_interval":{"confidence_level":0.95,"lower_bound":-0.269422491679676,"upper_bound":-0.2415852327291842},"point_estimate":-0.2569994043417472,"standard_error":0.007198813101766702}}