{"mean":{"confidence_interval":{"confidence_level":0.95,"lower_bound":0.0069502136486729905,"upper_bound":0.02303862063228259},"point_estimate":0.014023864364048677,"standard_error":0.003993219040181353},"median":{"confidence_interval":{"confidence_level":0.95,"lower_bound":0.004969900667395999,"upper_bound":0.010422581974216305},"point_estimate":0.007674307744655495,"standard_error":0.001325260204197935}}