{"mean":{"confidence_interval":{"confidence_level":0.95,"lower_bound":-0.07620885064921791,"upper_bound":-0.066872356131044},"point_estimate":-0.07163519762139925,"standard_error":0.0023711800208779405},"median":{"confidence_interval":{"confidence_level":0.95,"lower_bound":-0.07549254104208014,"upper_bound":-0.0700452355650445},"point_estimate":-0.07347408484224516,"standard_error":0.0014907133140642493}}