{"mean":{"confidence_interval":{"confidence_level":0.95,"lower_bound":-0.058297877970381495,"upper_bound":-0.023535387101237155},"point_estimate":-0.04104117078745051,"standard_error":0.008900988585477767},"median":{"confidence_interval":{"confidence_level":0.95,"lower_bound":-0.057770151958077,"upper_bound":-0.02626707397114092},"point_estimate":-0.04386908915687704,"standard_error":0.008123899479786192}}