{"mean":{"confidence_interval":{"confidence_level":0.95,"lower_bound":-0.003997039762638107,"upper_bound":0.004855938057528819},"point_estimate":0.00043628790135974427,"standard_error":0.002255427974417084},"median":{"confidence_interval":{"confidence_level":0.95,"lower_bound":-0.004271897820927016,"upper_bound":0.00007928724669957036},"point_estimate":-0.0024891386913483693,"standard_error":0.0011640425021623593}}