{"mean":{"confidence_interval":{"confidence_level":0.95,"lower_bound":0.018201855013771036,"upper_bound":0.04989254974643904},"point_estimate":0.03396669132922181,"standard_error":0.008115568360587532},"median":{"confidence_interval":{"confidence_level":0.95,"lower_bound":0.031049696666590743,"upper_bound":0.0444463139376996},"point_estimate":0.03754981559085113,"standard_error":0.0033469591216990233}}